{
    "train_loss": [
        0.3755220095989748,
        0.19879904234141318,
        0.16039648343012106,
        0.12280492462864248,
        0.09452994927018409,
        0.06766287984115327,
        0.04809079140641782
    ],
    "train_acc": [
        0.873179227359088,
        0.9325522482583913,
        0.9433977200759974,
        0.9588347055098163,
        0.9675427485750475,
        0.9802089930335656,
        0.9880462317922736
    ],
    "val_loss": [
        0.1975081961777343,
        0.1776725918734805,
        0.1818934668084014,
        0.17816652803975402,
        0.1792120304856763,
        0.18531263695123704,
        0.1970657271980049
    ],
    "val_acc": [
        0.9322396576319544,
        0.9343794579172611,
        0.9329529243937232,
        0.9443651925820257,
        0.9450784593437945,
        0.9372325249643366,
        0.9329529243937232
    ]
}