{
    "train_loss": [
        1.2021704516205476,
        0.8806089112621233,
        0.7816972759345274,
        0.7159080182245217,
        0.6555343697801883,
        0.6021759454550208
    ],
    "train_acc": [
        0.5308739708676378,
        0.6698860037998733,
        0.7152469917669411,
        0.7363046231792274,
        0.7641703609879671,
        0.7828530715642812
    ],
    "val_loss": [
        0.9537715161067783,
        1.1047910862574393,
        0.9857167177295548,
        1.3875378667883118,
        1.4312662885294491,
        2.00226318368558
    ],
    "val_acc": [
        0.6312410841654779,
        0.5827389443651926,
        0.6248216833095578,
        0.572039942938659,
        0.5420827389443652,
        0.37945791726105566
    ]
}