{
    "train_loss": [
        0.9807359823099491,
        0.6868794232776756,
        0.6001583445932837,
        0.5432421122645185,
        0.49196012630501906,
        0.4561486310827498,
        0.42051285888440554,
        0.39334550781141286,
        0.37700262755400926,
        0.3542525000856072,
        0.33283360914915255,
        0.30689955539081276,
        0.26611211891224146,
        0.25327993458475473,
        0.2361790577469935,
        0.1994756687340516,
        0.18479995526245985
    ],
    "train_acc": [
        0.6192210259658011,
        0.7507124762507916,
        0.7818239392020266,
        0.8021690943635212,
        0.8196643445218492,
        0.8352596580113997,
        0.8489550348321723,
        0.859879670677644,
        0.8652628245725142,
        0.875,
        0.8815706143128562,
        0.8894078530715643,
        0.9077739075364154,
        0.9110196326789107,
        0.9168777707409753,
        0.9327897403419886,
        0.9370645978467385
    ],
    "val_loss": [
        0.8292619857230302,
        0.736730684227338,
        0.5767415483905993,
        0.534323509894152,
        0.5614854222357528,
        0.5153680213337788,
        0.5277788122098218,
        0.4455457780079733,
        0.6386232580511316,
        0.8239072760375756,
        0.4371861099835469,
        0.3749504559347871,
        0.39395592387064166,
        0.6538054170445692,
        0.47304501717168834,
        0.37561124104065835,
        0.47109492920264706
    ],
    "val_acc": [
        0.6768901569186876,
        0.7161198288159771,
        0.7788873038516405,
        0.8109843081312411,
        0.7845934379457917,
        0.81811697574893,
        0.8045649072753209,
        0.8409415121255349,
        0.7910128388017118,
        0.7496433666191156,
        0.8487874465049928,
        0.8751783166904422,
        0.8659058487874465,
        0.7938659058487875,
        0.8323823109843081,
        0.87660485021398,
        0.8437945791726106
    ]
}