{
    "train_loss": [
        0.36003123025602746,
        0.19710254850381534,
        0.16001312681453148,
        0.13139444824126492,
        0.0944011055990025,
        0.06719069247988677,
        0.050337132804940364,
        0.0366729887614075
    ],
    "train_acc": [
        0.8775332488917036,
        0.9328689043698544,
        0.9437143761874605,
        0.9535307156428119,
        0.970392653578214,
        0.9804464851171628,
        0.9862254591513616,
        0.9912919569347688
    ],
    "val_loss": [
        0.19964556234454292,
        0.180730537409109,
        0.1782725377117261,
        0.18721973939603473,
        0.1812796492060479,
        0.18690921296332344,
        0.1982497407094218,
        0.20993168124618186
    ],
    "val_acc": [
        0.9350927246790299,
        0.9400855920114123,
        0.9379457917261056,
        0.9365192582025678,
        0.9358059914407989,
        0.9329529243937232,
        0.9407988587731811,
        0.9358059914407989
    ]
}