{
    "train_loss": [
        0.36321999077898104,
        0.1995439804132563,
        0.15647061073832907,
        0.12276143347343137,
        0.09419114168608317,
        0.06734571594832214,
        0.046550043206249066,
        0.03547288521716136,
        0.026208035766127614
    ],
    "train_acc": [
        0.8814914502849905,
        0.9299398353388221,
        0.9452976567447752,
        0.9588347055098163,
        0.9695218492716909,
        0.9791006966434452,
        0.9882837238758708,
        0.9917669411019633,
        0.9937460417986067
    ],
    "val_loss": [
        0.19322795492096057,
        0.18863268695059585,
        0.18202582465088826,
        0.17432162684578442,
        0.1803707298789487,
        0.18365274200192022,
        0.18786490472636788,
        0.19062309099969782,
        0.20411132597570414
    ],
    "val_acc": [
        0.9386590584878745,
        0.9358059914407989,
        0.9350927246790299,
        0.942225392296719,
        0.9393723252496433,
        0.9386590584878745,
        0.9407988587731811,
        0.9436519258202568,
        0.9457917261055635
    ]
}