{
    "train_loss": [
        1.2019323302719547,
        0.8988805156557375,
        0.7919578461650053,
        0.7169523292738399,
        0.6681767880652357,
        0.6038593316168782,
        0.5602480871455439,
        0.5104933846517784,
        0.4644418717223379
    ],
    "train_acc": [
        0.5307156428119063,
        0.6665611146295124,
        0.7086763774540848,
        0.7443793540215327,
        0.7568081063964535,
        0.7838030398986701,
        0.8018524382520583,
        0.8193476884103863,
        0.8345471817606079
    ],
    "val_loss": [
        0.9701978216497772,
        1.064397163423424,
        1.2460570950991077,
        0.8773168537143974,
        1.1330546704406574,
        1.0389328430195508,
        1.001590223597647,
        1.0663581862939406,
        1.6917064717509778
    ],
    "val_acc": [
        0.6312410841654779,
        0.5927246790299572,
        0.5485021398002853,
        0.6626248216833096,
        0.6162624821683309,
        0.6355206847360912,
        0.6476462196861626,
        0.6597717546362339,
        0.5306704707560628
    ]
}