{
    "train_loss": [
        1.1614376730070302,
        0.8819900262650242,
        0.7793479960805786,
        0.7101934363073454,
        0.6515971082837767,
        0.6004414919284872,
        0.5458448208382494,
        0.507535636708131,
        0.463231442773395,
        0.4249530768492616,
        0.37523370590521005
    ],
    "train_acc": [
        0.5522482583913869,
        0.6709943001899936,
        0.7145345155161494,
        0.7431127295756809,
        0.7648828372387587,
        0.7844363521215959,
        0.8045440151994934,
        0.8240975300823306,
        0.8383470550981634,
        0.8487967067764408,
        0.8715167827739075
    ],
    "val_loss": [
        0.9623410904118406,
        0.8491659720086847,
        0.9071824091477333,
        0.9581497548820289,
        0.8309173325499182,
        0.703108477907072,
        3.4356622712078178,
        0.8706660472632475,
        1.040073804249097,
        1.582215222627052,
        0.7649281301699079
    ],
    "val_acc": [
        0.6248216833095578,
        0.6890156918687589,
        0.6690442225392297,
        0.6590584878744651,
        0.7075606276747504,
        0.7410841654778887,
        0.3587731811697575,
        0.6932952924393724,
        0.6583452211126961,
        0.550641940085592,
        0.739657631954351
    ]
}