{
    "train_loss": [
        0.9885221660099428,
        0.7106894239018883,
        0.6023411810813334,
        0.5342055011429766,
        0.4955375038271391,
        0.45792168450551823,
        0.43020632749799687,
        0.4167126044583819,
        0.38138457657114627,
        0.3532049568715618,
        0.32494793270795386,
        0.3142005610288586
    ],
    "train_acc": [
        0.6110671310956302,
        0.7356713109563014,
        0.7786573780873971,
        0.8056523115896137,
        0.821564281190627,
        0.834230525649145,
        0.8478467384420519,
        0.8507758074730842,
        0.8620962634578847,
        0.875633312222926,
        0.883470550981634,
        0.887982900569981
    ],
    "val_loss": [
        0.8265476726771421,
        0.7016166107630764,
        0.5895153919232214,
        0.5312976837158203,
        0.5215526481667871,
        0.4369148891764599,
        0.42904018318432036,
        0.4316060480139565,
        0.43403603691347314,
        0.4536716983083652,
        0.4730821538201072,
        0.4528853912411335
    ],
    "val_acc": [
        0.6619115549215406,
        0.7360912981455064,
        0.7845934379457917,
        0.796718972895863,
        0.7938659058487875,
        0.8288159771754636,
        0.8380884450784594,
        0.8445078459343794,
        0.8452211126961484,
        0.8423680456490727,
        0.8245363766048502,
        0.8352353780313837
    ]
}