{
    "train_loss": [
        0.9774993086933259,
        0.6942641708841801,
        0.6022300343297569,
        0.5387081796606558,
        0.4896722236262461,
        0.4573133802247848,
        0.4226362389465764,
        0.4016466884200825,
        0.3817952646342465,
        0.35326735882950855,
        0.33810422821011704,
        0.3021478236023575,
        0.27933830160593365,
        0.2647388248507965,
        0.23494134427173896,
        0.20029503697360748
    ],
    "train_acc": [
        0.6212001266624446,
        0.7458834705509816,
        0.77897403419886,
        0.801931602279924,
        0.8264724509183027,
        0.8335972134262192,
        0.8483217226092463,
        0.8555256491450285,
        0.8624129195693477,
        0.8751583280557315,
        0.8815706143128562,
        0.8966117796073464,
        0.9019949335022166,
        0.9058739708676378,
        0.9210734642178594,
        0.9313647878404053
    ],
    "val_loss": [
        0.9338098381793448,
        1.1896822801160065,
        0.6453879082764097,
        0.46952075497400064,
        0.5355088623206048,
        0.4606359582527218,
        0.39866372402996547,
        0.5033209734249557,
        0.39034753476672096,
        0.5283984245570342,
        0.3581477567107123,
        0.4448892810460334,
        0.36280774281555506,
        0.4832422044473606,
        0.4377700258630956,
        0.4077311943839178
    ],
    "val_acc": [
        0.630527817403709,
        0.5977175463623395,
        0.746077032810271,
        0.8281027104136948,
        0.8024251069900142,
        0.8366619115549215,
        0.8587731811697575,
        0.8131241084165478,
        0.8587731811697575,
        0.8195435092724679,
        0.8758915834522111,
        0.8430813124108416,
        0.8737517831669044,
        0.8366619115549215,
        0.8452211126961484,
        0.8616262482168331
    ]
}